{"cameraMode":{"drawMode":0,"name":"Shaded","section":"Shading Mode"},"sceneLighting":true,"audioPlay":false,"sceneViewState":{"showFog":true,"showMaterialUpdate":false,"showSkybox":true,"showFlares":true,"showImageEffects":true,"showParticleSystems":true},"in2DMode":false,"pivot":{"x":-29.68000030517578,"y":-3.180000066757202,"z":-0.009999997913837433},"rotation":{"x":-0.023997265845537187,"y":0.00599823659285903,"z":0.00014398533676285297,"w":0.9996939897537231},"size":0.9685035347938538,"orthographic":true}